INSERT INTO TBL_CATEGORIAS (id, NOMBRE, DESCRIPCION, TIPO) VALUES (1, 'Pantalones', 'Prendas de Vestir', 'Ropa');
INSERT INTO TBL_CATEGORIAS (id, NOMBRE, DESCRIPCION, TIPO) VALUES (2, 'Chompas', 'Prendas de Vestir', 'Ropa');
INSERT INTO TBL_CATEGORIAS (id, NOMBRE, DESCRIPCION, TIPO) VALUES (3, 'Celulares', 'Aparatos Tecnologicos', 'Tecnologia');
INSERT INTO TBL_CATEGORIAS (id, NOMBRE, DESCRIPCION, TIPO) VALUES (4, 'Laptops', 'Aparatos Tecnologicos', 'Tecnologia');

INSERT INTO TBL_PROVEEDORES (id, NOMBRE, TELEFONO, DIRECCION, TIPO, CATEGORIA_ID) VALUES (1, 'LEVIS', 123456789, 'U.S.A', 'Ropa', 1);
INSERT INTO TBL_PROVEEDORES (id, NOMBRE, TELEFONO, DIRECCION, TIPO, CATEGORIA_ID) VALUES (2, 'HOLLISTER', 123456789, 'Toronto, Canada', 'Ropa', 2);
INSERT INTO TBL_PROVEEDORES (id, NOMBRE, TELEFONO, DIRECCION, TIPO, CATEGORIA_ID) VALUES (3, 'APPLE', 123456789, 'U.S.A', 'Tecnologia', 3);
INSERT INTO TBL_PROVEEDORES (id, NOMBRE, TELEFONO, DIRECCION, TIPO, CATEGORIA_ID) VALUES (4, 'DELL', 123456789, 'U.S.A', 'Tecnologia', 4);

INSERT INTO TBL_PRODUCTOS (id, NOMBRE, PRECIO, MARCA, CANTIDAD, TIPO, PROVEEDOR_ID) VALUES (1, 'JEAN',15.54,'LEVIS',2,'ROPA', 1);
INSERT INTO TBL_PRODUCTOS (id, NOMBRE, PRECIO, MARCA, CANTIDAD, TIPO, PROVEEDOR_ID) VALUES (2, 'SHORT',20.78,'LEVIS',1,'ROPA', 1);
INSERT INTO TBL_PRODUCTOS (id, NOMBRE, PRECIO, MARCA, CANTIDAD, TIPO, PROVEEDOR_ID) VALUES (3, 'CHOMPA SIN CAPUCHA',28.14,'HOLLISTER',1,'ROPA', 2);
INSERT INTO TBL_PRODUCTOS (id, NOMBRE, PRECIO, MARCA, CANTIDAD, TIPO, PROVEEDOR_ID) VALUES (4, 'CHOMPA CON CAPUCHA',33.24,'HOLLISTER',1,'ROPA', 2);
INSERT INTO TBL_PRODUCTOS (id, NOMBRE, PRECIO, MARCA, CANTIDAD, TIPO, PROVEEDOR_ID) VALUES (5, 'IPHONE 11',975.25,'APPLE',1,'Tecnologia', 3);
INSERT INTO TBL_PRODUCTOS (id, NOMBRE, PRECIO, MARCA, CANTIDAD, TIPO, PROVEEDOR_ID) VALUES (6, 'IPHONE 12',1150.25,'APPLE',1,'Tecnologia', 3);
INSERT INTO TBL_PRODUCTOS (id, NOMBRE, PRECIO, MARCA, CANTIDAD, TIPO, PROVEEDOR_ID) VALUES (7, 'DELL INSPIRON 5000',823.58,'DELL',1,'Tecnologia', 4);
INSERT INTO TBL_PRODUCTOS (id, NOMBRE, PRECIO, MARCA, CANTIDAD, TIPO, PROVEEDOR_ID) VALUES (8, 'DELL GAMING G5',1250.25,'DELL',1,'Tecnologia', 4);

/*INSERT INTO TBL_USUARIOS(ID, NOMBRE, CONTRASENIA, HABILITADO) VALUES (1, 'Fernando', '$2a$10$sBXalkjkcM84e.OoZoJoO.EUXO7WVr9oQQc.2cXExiiKoMFqq.YVW', 1);
INSERT INTO TBL_ROLES(ID, ROLES, USER_ID) VALUES (1, 'ROL_VENDEDOR', 1); 
INSERT INTO TBL_ROLES(ID, ROLES, USER_ID) VALUES (2, 'ROL_CLIENTE', 1);
*/